{
  "T": 192,
  "status": "OK",
  "ilp_min_cost": 6580.0,
  "soac_min_cost": 6580.0,
  "gap": 0.0,
  "num_solutions": 1,
  "makespan_frequencies": {
    "192": 1
  },
  "num_meeting_deadline": 1,
  "gantt_files": [
    "gantt_sol001_ms192.png"
  ],
  "best_config": "m=750, g=0.25, sr=0.9949, st=1.4923, k=4050, rcl=0.9304, tcl=pi/40, sm=7000, skmax=2250, del=1e-05, eps=1e-09",
  "best_config_params": {
    "m_cluster": 750.0,
    "gamma": 0.25,
    "sdoa_r": 0.9949,
    "sdoa_theta": 1.4922565104551517,
    "k_cluster": 4050.0,
    "r_cl": 0.9304,
    "theta_cl": 0.07853981633974483,
    "sdoa_m": 7000.0,
    "sdoa_k_max": 2250.0,
    "delta": 1e-05,
    "epsilon": 1e-09
  },
  "configs_tried": 1,
  "elapsed_seconds": 320.21
}